# address	returns	unit	mangled name
0x418a00	none	HarvestFull__harvest__entity__CBuildableItems	_ZN7harvest6entity15CBuildableItems24loadCreativeBuildingListEPN2ox2io11IFileSystemEPNS2_5video12IVideoDriverEPKcPNS3_9IFileListESC_
0x42b890	int	HarvestFull__harvest__entity__CDropshipEntity	_ZN7harvest6entity15CDropshipEntity11updateLogicEf
0x439b60	int	HarvestFull__harvest__entity__CMissileTurretEntity	_ZN7harvest6entity20CMissileTurretEntity11updateLogicEf
0x462a00	none	HarvestFull__harvest__game__CWorld	_ZN7harvest4game6CWorld6updateEfRKN2ox4core5CRectIfEE
0x4a0820	none	HarvestFull__harvest__states__CPlayState	_ZN7harvest6states10CPlayState17addParticleEntityEPN2ox5video14IParticleStateERKNS2_4core9CVector3dIfEE
0x4a47e0	bool	HarvestFull__harvest__states__CPlayState	_ZN7harvest6states10CPlayState16writeStateToFileEPKcPKw
0x4a5cb0	none	HarvestFull__harvest__states__CPlayState	_ZN7harvest6states10CPlayState13renderMinimapEv
0x4b1de0	bool	HarvestFull__harvest__states__CPlayState	_ZN7harvest6states10CPlayState7OnEventERKN2ox5event6SEventE
0x4b56e0	int	HarvestFull__harvest__states__CPlayState	_ZN7harvest6states10CPlayState11updateStateEf
0x4bdf50	none	daisy__other__CIrrDeviceStub	_ZN5daisy14CIrrDeviceStub29setAcceptsDragAndDropFileTypeEPKcb
0x4be1f0	bool	daisy__other__CIrrDeviceStub	_ZN5daisy14CIrrDeviceStub29getAcceptsDragAndDropFileTypeEPKc
0x4eea50	bool	daisy__video__OpenGL__CVideoOpenGL	_ZN5daisy5video12CVideoOpenGL18saveJpegScreenshotEPKcS3_
0x50bb40	bool	daisy__gui__CGUIListBox	_ZN5daisy3gui11CGUIListBox9selectNewEiibi
0x51e1a0	bool	daisy__gui__CGUITabControl	_ZN5daisy3gui16CGUITabButtonRow7OnEventERKN2ox5event6SEventE
0x524970	bool	daisy__gui__CGUIWindow	_ZN5daisy3gui19CGUIDetachableFrame7OnEventERKN2ox5event6SEventE
0x525750	none	daisy__gui__CGUIWindow	_ZN5daisy3gui10CGUIWindow4drawEv
0x5a03d0	bool	daisy__video__Null__CParticleState	_ZN5daisy5video14CParticleState6updateEfRN2ox4core9CVector3dIfEE
0x5c2d20	bool	daisy__gui__CGUIEditBox	_ZN5daisy3gui11CGUIEditBox10processKeyERKN2ox5event6SEventE
0x5e8940	int	ox__game__CConfiguration	_ZN2ox4game14CConfiguration11parseStringEPKwRNS_4core7CStringIwEERKS6_b
